post_code,kanji_state,kanji_city,kanji_district,kanji_chome,part
0640959,北海道,札幌市,中央区,宮ケ丘,5
0640958,北海道,札幌市,中央区,宮の森,5
0640954,北海道,札幌市,中央区,宮の森4条,5
0640953,北海道,札幌市,中央区,宮の森3条,5
0640952,北海道,札幌市,中央区,宮の森2条,5
0640951,北海道,札幌市,中央区,宮の森1条,5
0640946,北海道,札幌市,中央区,双子山,3
0640945,北海道,札幌市,中央区,盤渓,5
0640944,北海道,札幌市,中央区,円山西町,5
0640943,北海道,札幌市,中央区,界川,3
0640942,北海道,札幌市,中央区,伏見,3
0640941,北海道,札幌市,中央区,旭ケ丘,3
0640931,北海道,札幌市,中央区,中島公園,6
0640930,北海道,札幌市,中央区,南30条西（９〜１１丁目）,2
0640929,北海道,札幌市,中央区,南29条西,2
0640928,北海道,札幌市,中央区,南28条西,2
0640927,北海道,札幌市,中央区,南27条西,2
0640926,北海道,札幌市,中央区,南26条西,2
0640925,北海道,札幌市,中央区,南25条西,2
0640924,北海道,札幌市,中央区,南24条西,2
0640923,北海道,札幌市,中央区,南23条西,2
0640922,北海道,札幌市,中央区,南22条西,2
0640921,北海道,札幌市,中央区,南21条西,2
0640920,北海道,札幌市,中央区,南21条西,2
0640919,北海道,札幌市,中央区,南19条西,2
0640918,北海道,札幌市,中央区,南18条西,2
0640917,北海道,札幌市,中央区,南17条西,2
0640916,北海道,札幌市,中央区,南16条西,2
0640915,北海道,札幌市,中央区,南15条西,2
0640914,北海道,札幌市,中央区,南14条西,2
0640913,北海道,札幌市,中央区,南13条西,1
0640912,北海道,札幌市,中央区,南12条西,1
0640826,北海道,札幌市,中央区,北6条西（２６〜２８丁目）,4
0640825,北海道,札幌市,中央区,北5条西（２５〜２９丁目）,4
0640824,北海道,札幌市,中央区,北4条西（２０〜３０丁目）,4
0640823,北海道,札幌市,中央区,北3条西（２０〜３０丁目）,4
0640822,北海道,札幌市,中央区,北2条西（２０〜２８丁目）,4
0640821,北海道,札幌市,中央区,北1条西（２０〜２８丁目）,4
0640820,北海道,札幌市,中央区,大通西（２０〜２８丁目）,5
0640811,北海道,札幌市,中央区,南11条西,2
0640810,北海道,札幌市,中央区,南1条西,5
0640809,北海道,札幌市,中央区,南9条西,6
0640808,北海道,札幌市,中央区,南8条西,6
0640807,北海道,札幌市,中央区,南7条西,6
0640806,北海道,札幌市,中央区,南6条西,6
0640805,北海道,札幌市,中央区,南5条西,6
0640804,北海道,札幌市,中央区,南4条西,6
0640803,北海道,札幌市,中央区,南3条西（２０〜２８丁目）,5
0640802,北海道,札幌市,中央区,南2条西（２０〜２８丁目）,5
0640801,北海道,札幌市,中央区,南1条西（２０〜２８丁目）,5
0600063,北海道,札幌市,中央区,南3条西（１〜１８丁目）,6
0600062,北海道,札幌市,中央区,南2条西（１〜１９丁目）,6
0600061,北海道,札幌市,中央区,南1条西（１〜１９丁目）,6
0600057,北海道,札幌市,中央区,南7条東,6
0600056,北海道,札幌市,中央区,南6条東,6
0600055,北海道,札幌市,中央区,南5条東,6
0600054,北海道,札幌市,中央区,南4条東,6
0600053,北海道,札幌市,中央区,南3条東,6
0600052,北海道,札幌市,中央区,南2条東,6
0600051,北海道,札幌市,中央区,南1条東,6
0600042,北海道,札幌市,中央区,大通西（１〜１９丁目）,6
0600041,北海道,札幌市,中央区,大通東,6
0600035,北海道,札幌市,中央区,北5条東,6
0600034,北海道,札幌市,中央区,北4条東（１〜８丁目）,6
0600033,北海道,札幌市,中央区,北3条東,6
0600032,北海道,札幌市,中央区,北2条東,6
0600031,北海道,札幌市,中央区,北1条東,6
0600022,北海道,札幌市,中央区,北22条西,4
0600021,北海道,札幌市,中央区,北21条西,4
0600020,北海道,札幌市,中央区,北20条西,4
0600018,北海道,札幌市,中央区,北18条西,4
0600017,北海道,札幌市,中央区,北17条西,4
0600016,北海道,札幌市,中央区,北16条西,4
0600015,北海道,札幌市,中央区,北15条西,4
0600014,北海道,札幌市,中央区,北14条西,4
0600013,北海道,札幌市,中央区,北13条西,4
0600012,北海道,札幌市,中央区,北12条西,4
0600011,北海道,札幌市,中央区,北11条西,4
0600010,北海道,札幌市,中央区,北1条西,4
0600009,北海道,札幌市,中央区,北9条西,4
0600008,北海道,札幌市,中央区,北8条西,4
0600007,北海道,札幌市,中央区,北7条西,4
0600006,北海道,札幌市,中央区,北6条西（１０〜２５丁目）,4
0600005,北海道,札幌市,中央区,北5条西（１〜２４丁目）,4
0600004,北海道,札幌市,中央区,北4条西（１〜１９丁目）,4
0600003,北海道,札幌市,中央区,北3条西（１〜１９丁目）,4
0600002,北海道,札幌市,中央区,北2条西（１〜１９丁目）,4
0600001,北海道,札幌市,中央区,北1条西（１〜１９丁目）,4
0600820,北海道,札幌市,北区,北21条西（１１〜１３丁目）,1
0600819,北海道,札幌市,北区,北19条西（８〜１３丁目）,1
0600818,北海道,札幌市,北区,北18条西（８〜１３丁目）,1
0600817,北海道,札幌市,北区,北17条西（７〜１３丁目）,1
0600816,北海道,札幌市,北区,北16条西（７〜１３丁目）,1
0600815,北海道,札幌市,北区,北15条西（６〜１３丁目）,1
0600814,北海道,札幌市,北区,北14条西（５〜１３丁目）,1
0600813,北海道,札幌市,北区,北13条西（５〜１２丁目）,1
0600812,北海道,札幌市,北区,北12条西（５〜１２丁目）,1
0600811,北海道,札幌市,北区,北11条西（５〜１１丁目）,1
0600810,北海道,札幌市,北区,北1条西（５〜１１丁目）,1
0600809,北海道,札幌市,北区,北9条西,1
0600808,北海道,札幌市,北区,北8条西,1
0600807,北海道,札幌市,北区,北7条西,1
0600806,北海道,札幌市,北区,北6条西,1
0028091,北海道,札幌市,北区,南あいの里,6
0028082,北海道,札幌市,北区,百合が原公園,5
0028081,北海道,札幌市,北区,百合が原,5
0028075,北海道,札幌市,北区,あいの里5条,6
0028074,北海道,札幌市,北区,あいの里4条,6
0028073,北海道,札幌市,北区,あいの里3条,6
0028072,北海道,札幌市,北区,あいの里2条,6
0028071,北海道,札幌市,北区,あいの里1条,6
0028068,北海道,札幌市,北区,拓北8条,6
0028067,北海道,札幌市,北区,拓北7条,6
0028066,北海道,札幌市,北区,拓北6条,6
0028065,北海道,札幌市,北区,拓北5条,6
0028064,北海道,札幌市,北区,拓北4条,6
0028063,北海道,札幌市,北区,拓北3条,6
0028062,北海道,札幌市,北区,拓北2条,6
0028061,北海道,札幌市,北区,拓北1条,6
0028055,北海道,札幌市,北区,篠路町福移,6
0028054,北海道,札幌市,北区,篠路町拓北,6
0028053,北海道,札幌市,北区,篠路町篠路,6
0028052,北海道,札幌市,北区,篠路町上篠路,6
0028051,北海道,札幌市,北区,篠路町太平,5
0028045,北海道,札幌市,北区,東茨戸4条,6
0028044,北海道,札幌市,北区,東茨戸3条,6
0028043,北海道,札幌市,北区,東茨戸,6
0028042,北海道,札幌市,北区,東茨戸2条,6
0028041,北海道,札幌市,北区,東茨戸1条,6
0028038,北海道,札幌市,北区,西茨戸,6
0028037,北海道,札幌市,北区,西茨戸7条,6
0028036,北海道,札幌市,北区,西茨戸6条,6
0028035,北海道,札幌市,北区,西茨戸5条,6
0028034,北海道,札幌市,北区,西茨戸4条,6
0028033,北海道,札幌市,北区,西茨戸3条,6
0028032,北海道,札幌市,北区,西茨戸2条,6
0028031,北海道,札幌市,北区,西茨戸1条,6
0028030,北海道,札幌市,北区,篠路1条,6
0028029,北海道,札幌市,北区,篠路9条,6
0028028,北海道,札幌市,北区,篠路8条,6
0028027,北海道,札幌市,北区,篠路7条,6
0028026,北海道,札幌市,北区,篠路6条,6
0028025,北海道,札幌市,北区,篠路5条,6
0028024,北海道,札幌市,北区,篠路4条,6
0028023,北海道,札幌市,北区,篠路3条,6
0028022,北海道,札幌市,北区,篠路2条,6
0028021,北海道,札幌市,北区,篠路1条,6
0028012,北海道,札幌市,北区,太平12条,5
0028011,北海道,札幌市,北区,太平11条,5
0028010,北海道,札幌市,北区,太平1条,5
0028009,北海道,札幌市,北区,太平9条,5
0028008,北海道,札幌市,北区,太平8条,5
0028007,北海道,札幌市,北区,太平7条,5
0028006,北海道,札幌市,北区,太平6条,5
0028005,北海道,札幌市,北区,太平5条,5
0028004,北海道,札幌市,北区,太平4条,5
0028003,北海道,札幌市,北区,太平3条,5
0028002,北海道,札幌市,北区,太平2条,5
0028001,北海道,札幌市,北区,太平1条,5
0020865,北海道,札幌市,北区,屯田町,4
0020861,北海道,札幌市,北区,屯田11条,4
0020860,北海道,札幌市,北区,屯田1条,4
0020859,北海道,札幌市,北区,屯田9条,4
0020858,北海道,札幌市,北区,屯田8条,4
0020857,北海道,札幌市,北区,屯田7条,4
0020856,北海道,札幌市,北区,屯田6条,4
0020855,北海道,札幌市,北区,屯田5条,4
0020854,北海道,札幌市,北区,屯田4条,4
0020853,北海道,札幌市,北区,屯田3条,4
0020852,北海道,札幌市,北区,屯田2条,4
0020851,北海道,札幌市,北区,屯田1条,4
0010935,北海道,札幌市,北区,新川西5条,2
0010934,北海道,札幌市,北区,新川西4条,2
0010933,北海道,札幌市,北区,新川西3条,2
0010932,北海道,札幌市,北区,新川西2条,2
0010931,北海道,札幌市,北区,新川西1条,2
0010930,北海道,札幌市,北区,新川,2
0010928,北海道,札幌市,北区,新川8条,2
0010927,北海道,札幌市,北区,新川7条,2
0010926,北海道,札幌市,北区,新川6条,2
0010925,北海道,札幌市,北区,新川5条,2
0010924,北海道,札幌市,北区,新川4条,2
0010923,北海道,札幌市,北区,新川3条,2
0010922,北海道,札幌市,北区,新川2条,2
0010921,北海道,札幌市,北区,新川1条,2
0010915,北海道,札幌市,北区,新琴似町,2
0010912,北海道,札幌市,北区,新琴似12条,2
0010911,北海道,札幌市,北区,新琴似11条,2
0010910,北海道,札幌市,北区,新琴似1条,2
0010909,北海道,札幌市,北区,新琴似9条,2
0010908,北海道,札幌市,北区,新琴似8条,2
0010907,北海道,札幌市,北区,新琴似7条,2
0010906,北海道,札幌市,北区,新琴似6条,2
0010905,北海道,札幌市,北区,新琴似5条,2
0010904,北海道,札幌市,北区,新琴似4条,2
0010903,北海道,札幌市,北区,新琴似3条,2
0010902,北海道,札幌市,北区,新琴似2条,2
0010901,北海道,札幌市,北区,新琴似1条,2
0010045,北海道,札幌市,北区,麻生町,5
0010040,北海道,札幌市,北区,北40条西,5
0010039,北海道,札幌市,北区,北39条西,5
0010038,北海道,札幌市,北区,北38条西,5
0010037,北海道,札幌市,北区,北37条西,5
0010036,北海道,札幌市,北区,北36条西,5
0010035,北海道,札幌市,北区,北35条西,5
0010034,北海道,札幌市,北区,北34条西,5
0010033,北海道,札幌市,北区,北33条西,5
0010032,北海道,札幌市,北区,北32条西,5
0010031,北海道,札幌市,北区,北31条西,1
0010030,北海道,札幌市,北区,北30条西,1
0010029,北海道,札幌市,北区,北29条西,1
0010028,北海道,札幌市,北区,北28条西,1
0010027,北海道,札幌市,北区,北27条西,1
0010026,北海道,札幌市,北区,北26条西,1
0010025,北海道,札幌市,北区,北25条西,1
0010024,北海道,札幌市,北区,北24条西,1
0010023,北海道,札幌市,北区,北23条西,1
0010022,北海道,札幌市,北区,北22条西,1
0010021,北海道,札幌市,北区,北21条西,1
0010020,北海道,札幌市,北区,北20条西（２〜１０丁目）,1
0010019,北海道,札幌市,北区,北19条西（２〜７丁目）,1
0010018,北海道,札幌市,北区,北18条西（１〜７丁目）,1
0010017,北海道,札幌市,北区,北17条西（１〜６丁目）,1
0010016,北海道,札幌市,北区,北16条西（１〜６丁目）,1
0010015,北海道,札幌市,北区,北15条西（１〜５丁目）,1
0010014,北海道,札幌市,北区,北14条西（１〜４丁目）,1
0010013,北海道,札幌市,北区,北13条西（１〜４丁目）,1
0010012,北海道,札幌市,北区,北12条西（１〜４丁目）,1
0010011,北海道,札幌市,北区,北11条西（１〜４丁目）,1
0010010,北海道,札幌市,北区,北1条西（１〜４丁目）,1
0650043,北海道,札幌市,東区,苗穂町,6
0650042,北海道,札幌市,東区,本町2条,6
0650041,北海道,札幌市,東区,本町1条,6
0650033,北海道,札幌市,東区,北33条東,4
0650032,北海道,札幌市,東区,北32条東,4
0650031,北海道,札幌市,東区,北31条東,4
0650030,北海道,札幌市,東区,北30条東,4
0650028,北海道,札幌市,東区,北28条東,4
0650027,北海道,札幌市,東区,北27条東,4
0650026,北海道,札幌市,東区,北26条東,4
0650025,北海道,札幌市,東区,北25条東,4
0650024,北海道,札幌市,東区,北24条東,4
0650023,北海道,札幌市,東区,北23条東,4
0650022,北海道,札幌市,東区,北22条東,4
0650021,北海道,札幌市,東区,北21条東,4
0650020,北海道,札幌市,東区,北20条東,4
0650019,北海道,札幌市,東区,北19条東,4
0650018,北海道,札幌市,東区,北18条東,4
0650017,北海道,札幌市,東区,北17条東,4
0650016,北海道,札幌市,東区,北16条東,4
0650015,北海道,札幌市,東区,北15条東,4
0650014,北海道,札幌市,東区,北14条東,4
0650013,北海道,札幌市,東区,北13条東,4
0650012,北海道,札幌市,東区,北12条東,4
0650011,北海道,札幌市,東区,北11条東,4
0650010,北海道,札幌市,東区,北1条東,4
0650009,北海道,札幌市,東区,北9条東（８〜１６丁目）,4
0650008,北海道,札幌市,東区,北8条東（８〜１９丁目）,4
0650007,北海道,札幌市,東区,北7条東（８〜２０丁目）,4
0650006,北海道,札幌市,東区,北6条東（８〜２０丁目）,4
0650005,北海道,札幌市,東区,北5条東（８〜１７丁目）,4
0650004,北海道,札幌市,東区,北4条東（９〜１６丁目）,6
0600909,北海道,札幌市,東区,北9条東（１〜７丁目）,4
0600908,北海道,札幌市,東区,北8条東（１〜７丁目）,4
0600907,北海道,札幌市,東区,北7条東（１〜７丁目）,4
0600906,北海道,札幌市,東区,北6条東（１〜７丁目）,4
0600905,北海道,札幌市,東区,北5条東（４〜７丁目）,4
0070895,北海道,札幌市,東区,中沼西5条,3
0070894,北海道,札幌市,東区,中沼西4条,3
0070893,北海道,札幌市,東区,中沼西3条,3
0070892,北海道,札幌市,東区,中沼西2条,3
0070891,北海道,札幌市,東区,中沼西1条,3
0070890,北海道,札幌市,東区,中沼町,3
0070886,北海道,札幌市,東区,北丘珠6条,2
0070885,北海道,札幌市,東区,北丘珠5条,2
0070884,北海道,札幌市,東区,北丘珠4条,2
0070883,北海道,札幌市,東区,北丘珠3条,2
0070882,北海道,札幌市,東区,北丘珠2条,2
0070881,北海道,札幌市,東区,北丘珠1条,2
0070880,北海道,札幌市,東区,丘珠町,2
0070874,北海道,札幌市,東区,伏古14条,2
0070873,北海道,札幌市,東区,伏古13条,2
0070872,北海道,札幌市,東区,伏古12条,2
0070871,北海道,札幌市,東区,伏古11条,2
0070870,北海道,札幌市,東区,伏古1条,3
0070869,北海道,札幌市,東区,伏古9条,3
0070868,北海道,札幌市,東区,伏古8条,3
0070867,北海道,札幌市,東区,伏古7条,3
0070866,北海道,札幌市,東区,伏古6条,3
0070865,北海道,札幌市,東区,伏古5条,3
0070864,北海道,札幌市,東区,伏古4条,3
0070863,北海道,札幌市,東区,伏古3条,3
0070862,北海道,札幌市,東区,伏古2条,3
0070861,北海道,札幌市,東区,伏古1条,3
0070852,北海道,札幌市,東区,栄町,2
0070851,北海道,札幌市,東区,北51条東,1
0070850,北海道,札幌市,東区,北50条東,1
0070849,北海道,札幌市,東区,北49条東,1
0070848,北海道,札幌市,東区,北48条東,1
0070847,北海道,札幌市,東区,北47条東,1
0070846,北海道,札幌市,東区,北46条東,1
0070845,北海道,札幌市,東区,北45条東,1
0070844,北海道,札幌市,東区,北44条東,1
0070843,北海道,札幌市,東区,北43条東,1
0070842,北海道,札幌市,東区,北42条東,1
0070841,北海道,札幌市,東区,北41条東,1
0070840,北海道,札幌市,東区,北40条東,1
0070839,北海道,札幌市,東区,北39条東,1
0070838,北海道,札幌市,東区,北38条東,1
0070837,北海道,札幌市,東区,北37条東,1
0070836,北海道,札幌市,東区,北36条東,1
0070835,北海道,札幌市,東区,北35条東,1
0070834,北海道,札幌市,東区,北34条東,1
0070829,北海道,札幌市,東区,東雁来9条,1
0070828,北海道,札幌市,東区,東雁来8条,3
0070827,北海道,札幌市,東区,東雁来7条,3
0070826,北海道,札幌市,東区,東雁来6条,3
0070825,北海道,札幌市,東区,東雁来5条,3
0070824,北海道,札幌市,東区,東雁来4条,3
0070823,北海道,札幌市,東区,東雁来3条,3
0070822,北海道,札幌市,東区,東雁来2条,3
0070821,北海道,札幌市,東区,東雁来1条,3
0070820,北海道,札幌市,東区,東雁来町,3
0070819,北海道,札幌市,東区,東苗穂町,2
0070815,北海道,札幌市,東区,東苗穂15条,3
0070814,北海道,札幌市,東区,東苗穂14条,3
0070813,北海道,札幌市,東区,東苗穂13条,3
0070812,北海道,札幌市,東区,東苗穂12条,3
0070811,北海道,札幌市,東区,東苗穂11条,3
0070810,北海道,札幌市,東区,東苗穂1条,3
0070809,北海道,札幌市,東区,東苗穂9条,3
0070808,北海道,札幌市,東区,東苗穂8条,3
0070807,北海道,札幌市,東区,東苗穂7条,3
0070806,北海道,札幌市,東区,東苗穂6条,3
0070805,北海道,札幌市,東区,東苗穂5条,3
0070804,北海道,札幌市,東区,東苗穂4条,3
0070803,北海道,札幌市,東区,東苗穂3条,3
0070802,北海道,札幌市,東区,東苗穂2条,3
0070801,北海道,札幌市,東区,東苗穂1条,3
0070034,北海道,札幌市,東区,東雁来14条,3
0070033,北海道,札幌市,東区,東雁来13条,3
0070032,北海道,札幌市,東区,東雁来12条,3
0070031,北海道,札幌市,東区,東雁来11条,3
0070030,北海道,札幌市,東区,東雁来1条,3
0070011,北海道,札幌市,東区,モエレ沼公園,3
0070006,北海道,札幌市,東区,中沼6条,3
0070005,北海道,札幌市,東区,中沼5条,3
0070004,北海道,札幌市,東区,中沼4条,3
0070003,北海道,札幌市,東区,中沼3条,3
0070002,北海道,札幌市,東区,中沼2条,3
0070001,北海道,札幌市,東区,中沼1条,3
0030876,北海道,札幌市,白石区,東米里,2
0030875,北海道,札幌市,白石区,米里5条,2
0030874,北海道,札幌市,白石区,米里4条,2
0030873,北海道,札幌市,白石区,米里3条,2
0030872,北海道,札幌市,白石区,米里2条,2
0030871,北海道,札幌市,白石区,米里1条,2
0030869,北海道,札幌市,白石区,川下,2
0030865,北海道,札幌市,白石区,川下5条,2
0030864,北海道,札幌市,白石区,川下4条,2
0030863,北海道,札幌市,白石区,川下3条,2
0030862,北海道,札幌市,白石区,川下2条,2
0030861,北海道,札幌市,白石区,川下1条,2
0030859,北海道,札幌市,白石区,川北,2
0030855,北海道,札幌市,白石区,川北5条,2
0030854,北海道,札幌市,白石区,川北4条,2
0030853,北海道,札幌市,白石区,川北3条,2
0030852,北海道,札幌市,白石区,川北2条,2
0030851,北海道,札幌市,白石区,川北1条,2
0030849,北海道,札幌市,白石区,北郷,2
0030840,北海道,札幌市,白石区,北郷1条,2
0030839,北海道,札幌市,白石区,北郷9条,2
0030838,北海道,札幌市,白石区,北郷8条,2
0030837,北海道,札幌市,白石区,北郷7条,2
0030836,北海道,札幌市,白石区,北郷6条,2
0030835,北海道,札幌市,白石区,北郷5条,2
0030834,北海道,札幌市,白石区,北郷4条,2
0030833,北海道,札幌市,白石区,北郷3条,2
0030832,北海道,札幌市,白石区,北郷2条,2
0030831,北海道,札幌市,白石区,北郷1条,2
0030830,北海道,札幌市,白石区,菊水元町1条,2
0030829,北海道,札幌市,白石区,菊水元町9条,2
0030828,北海道,札幌市,白石区,菊水元町8条,2
0030827,北海道,札幌市,白石区,菊水元町7条,2
0030826,北海道,札幌市,白石区,菊水元町6条,2
0030825,北海道,札幌市,白石区,菊水元町5条,2
0030824,北海道,札幌市,白石区,菊水元町4条,2
0030823,北海道,札幌市,白石区,菊水元町3条,2
0030822,北海道,札幌市,白石区,菊水元町2条,2
0030821,北海道,札幌市,白石区,菊水元町1条,2
0030814,北海道,札幌市,白石区,菊水上町4条,2
0030813,北海道,札幌市,白石区,菊水上町3条,2
0030812,北海道,札幌市,白石区,菊水上町2条,2
0030811,北海道,札幌市,白石区,菊水上町1条,2
0030809,北海道,札幌市,白石区,菊水9条,3
0030808,北海道,札幌市,白石区,菊水8条,3
0030807,北海道,札幌市,白石区,菊水7条,3
0030806,北海道,札幌市,白石区,菊水6条,3
0030805,北海道,札幌市,白石区,菊水5条,3
0030804,北海道,札幌市,白石区,菊水4条,3
0030803,北海道,札幌市,白石区,菊水3条,3
0030802,北海道,札幌市,白石区,菊水2条,3
0030801,北海道,札幌市,白石区,菊水1条,3
0030030,北海道,札幌市,白石区,流通センター,4
0030029,北海道,札幌市,白石区,平和通（北）,1
0030028,北海道,札幌市,白石区,平和通（南）,1
0030027,北海道,札幌市,白石区,本通（北）,1
0030026,北海道,札幌市,白石区,本通（南）,1
0030025,北海道,札幌市,白石区,本郷通（北）,1
0030024,北海道,札幌市,白石区,本郷通（南）,1
0030023,北海道,札幌市,白石区,南郷通（北）,1
0030022,北海道,札幌市,白石区,南郷通（南）,1
0030021,北海道,札幌市,白石区,栄通,1
0030013,北海道,札幌市,白石区,中央3条,1
0030012,北海道,札幌市,白石区,中央2条,1
0030011,北海道,札幌市,白石区,中央1条,1
0030006,北海道,札幌市,白石区,東札幌6条,3
0030005,北海道,札幌市,白石区,東札幌5条,3
0030004,北海道,札幌市,白石区,東札幌4条,3
0030003,北海道,札幌市,白石区,東札幌3条,3
0030002,北海道,札幌市,白石区,東札幌2条,3
0030001,北海道,札幌市,白石区,東札幌1条,3
0030000,北海道,札幌市,白石区,以下に掲載がない場合,0
0040076,北海道,札幌市,厚別区,厚別北6条,1
0040075,北海道,札幌市,厚別区,厚別北5条,1
0040074,北海道,札幌市,厚別区,厚別北4条,1
0040073,北海道,札幌市,厚別区,厚別北3条,1
0040072,北海道,札幌市,厚別区,厚別北2条,1
0040071,北海道,札幌市,厚別区,厚別北1条,1
0040069,北海道,札幌市,厚別区,厚別町山本,1
0040068,北海道,札幌市,厚別区,厚別西,1
0040065,北海道,札幌市,厚別区,厚別西5条,1
0040064,北海道,札幌市,厚別区,厚別西4条,1
0040063,北海道,札幌市,厚別区,厚別西3条,1
0040062,北海道,札幌市,厚別区,厚別西2条,1
0040061,北海道,札幌市,厚別区,厚別西1条,1
0040055,北海道,札幌市,厚別区,厚別中央5条,2
0040054,北海道,札幌市,厚別区,厚別中央4条,2
0040053,北海道,札幌市,厚別区,厚別中央3条,2
0040052,北海道,札幌市,厚別区,厚別中央2条,2
0040051,北海道,札幌市,厚別区,厚別中央1条,2
0040042,北海道,札幌市,厚別区,大谷地西,3
0040041,北海道,札幌市,厚別区,大谷地東,3
0040039,北海道,札幌市,厚別区,厚別町上野幌,3
0040033,北海道,札幌市,厚別区,上野幌3条,3
0040032,北海道,札幌市,厚別区,上野幌2条,3
0040031,北海道,札幌市,厚別区,上野幌1条,3
0040022,北海道,札幌市,厚別区,厚別南,3
0040021,北海道,札幌市,厚別区,青葉町,3
0040015,北海道,札幌市,厚別区,下野幌テクノパーク,4
0040014,北海道,札幌市,厚別区,もみじ台北,4
0040013,北海道,札幌市,厚別区,もみじ台西,4
0040012,北海道,札幌市,厚別区,もみじ台南,4
0040011,北海道,札幌市,厚別区,もみじ台東,4
0040007,北海道,札幌市,厚別区,厚別町下野幌,4
0040006,北海道,札幌市,厚別区,厚別町小野幌,4
0040005,北海道,札幌市,厚別区,厚別東5条,4
0040004,北海道,札幌市,厚別区,厚別東4条,4
0040003,北海道,札幌市,厚別区,厚別東3条,4
0040002,北海道,札幌市,厚別区,厚別東2条,4
0040001,北海道,札幌市,厚別区,厚別東1条,4
0620001,北海道,札幌市,豊平区,美園1条,2
0620002,北海道,札幌市,豊平区,美園2条,2
0620003,北海道,札幌市,豊平区,美園3条,2
0620004,北海道,札幌市,豊平区,美園4条,2
0620005,北海道,札幌市,豊平区,美園5条,2
0620006,北海道,札幌市,豊平区,美園6条,2
0620007,北海道,札幌市,豊平区,美園7条,2
0620008,北海道,札幌市,豊平区,美園8条,2
0620009,北海道,札幌市,豊平区,美園9条,2
0620010,北海道,札幌市,豊平区,美園1条,2
0620011,北海道,札幌市,豊平区,美園11条,2
0620012,北海道,札幌市,豊平区,美園12条,2
0620020,北海道,札幌市,豊平区,月寒中央通,2
0620021,北海道,札幌市,豊平区,月寒西1条,4
0620022,北海道,札幌市,豊平区,月寒西2条,2
0620023,北海道,札幌市,豊平区,月寒西3条,4
0620024,北海道,札幌市,豊平区,月寒西4条,4
0620025,北海道,札幌市,豊平区,月寒西5条,4
0620031,北海道,札幌市,豊平区,西岡1条,3
0620032,北海道,札幌市,豊平区,西岡2条,3
0620033,北海道,札幌市,豊平区,西岡3条,3
0620034,北海道,札幌市,豊平区,西岡4条,3
0620035,北海道,札幌市,豊平区,西岡5条,3
0620039,北海道,札幌市,豊平区,西岡,3
0620041,北海道,札幌市,豊平区,福住1条,3
0620042,北海道,札幌市,豊平区,福住2条,3
0620043,北海道,札幌市,豊平区,福住3条,3
0620045,北海道,札幌市,豊平区,羊ケ丘,3
0620051,北海道,札幌市,豊平区,月寒東1条,4
0620052,北海道,札幌市,豊平区,月寒東2条,4
0620053,北海道,札幌市,豊平区,月寒東3条,4
0620054,北海道,札幌市,豊平区,月寒東4条,4
0620055,北海道,札幌市,豊平区,月寒東5条,4
0620901,北海道,札幌市,豊平区,豊平1条,1
0620902,北海道,札幌市,豊平区,豊平2条,1
0620903,北海道,札幌市,豊平区,豊平3条,1
0620904,北海道,札幌市,豊平区,豊平4条,1
0620905,北海道,札幌市,豊平区,豊平5条,1
0620906,北海道,札幌市,豊平区,豊平6条,1
0620907,北海道,札幌市,豊平区,豊平7条,1
0620908,北海道,札幌市,豊平区,豊平8条,1
0620909,北海道,札幌市,豊平区,豊平9条,1
0620911,北海道,札幌市,豊平区,旭町,1
0620912,北海道,札幌市,豊平区,水車町,1
0620921,北海道,札幌市,豊平区,中の島1条,2
0620922,北海道,札幌市,豊平区,中の島2条,2
0620931,北海道,札幌市,豊平区,平岸1条,2
0620932,北海道,札幌市,豊平区,平岸2条,2
0620933,北海道,札幌市,豊平区,平岸3条,2
0620934,北海道,札幌市,豊平区,平岸4条,2
0620935,北海道,札幌市,豊平区,平岸5条,2
0620936,北海道,札幌市,豊平区,平岸6条,2
0620937,北海道,札幌市,豊平区,平岸7条,2
0620938,北海道,札幌市,豊平区,平岸8条,2
0040889,北海道,札幌市,清田区,平岡,2
0040882,北海道,札幌市,清田区,平岡公園東,2
0040881,北海道,札幌市,清田区,平岡公園,2
0040880,北海道,札幌市,清田区,平岡1条,2
0040879,北海道,札幌市,清田区,平岡9条,2
0040878,北海道,札幌市,清田区,平岡8条,2
0040877,北海道,札幌市,清田区,平岡7条,2
0040876,北海道,札幌市,清田区,平岡6条,2
0040875,北海道,札幌市,清田区,平岡5条,2
0040874,北海道,札幌市,清田区,平岡4条,2
0040873,北海道,札幌市,清田区,平岡3条,2
0040872,北海道,札幌市,清田区,平岡2条,2
0040871,北海道,札幌市,清田区,平岡1条,2
0040867,北海道,札幌市,清田区,北野7条,1
0040866,北海道,札幌市,清田区,北野6条,1
0040865,北海道,札幌市,清田区,北野5条,1
0040864,北海道,札幌市,清田区,北野4条,1
0040863,北海道,札幌市,清田区,北野3条,1
0040862,北海道,札幌市,清田区,北野2条,1
0040861,北海道,札幌市,清田区,北野1条,1
0040859,北海道,札幌市,清田区,清田,1
0040849,北海道,札幌市,清田区,清田9条,1
0040848,北海道,札幌市,清田区,清田8条,1
0040847,北海道,札幌市,清田区,清田7条,1
0040846,北海道,札幌市,清田区,清田6条,1
0040845,北海道,札幌市,清田区,清田5条,1
0040844,北海道,札幌市,清田区,清田4条,1
0040843,北海道,札幌市,清田区,清田3条,1
0040842,北海道,札幌市,清田区,清田2条,1
0040841,北海道,札幌市,清田区,清田1条,1
0040840,北海道,札幌市,清田区,清田1条,1
0040839,北海道,札幌市,清田区,真栄,1
0040836,北海道,札幌市,清田区,真栄6条,1
0040835,北海道,札幌市,清田区,真栄5条,1
0040834,北海道,札幌市,清田区,真栄4条,1
0040833,北海道,札幌市,清田区,真栄3条,1
0040832,北海道,札幌市,清田区,真栄2条,1
0040831,北海道,札幌市,清田区,真栄1条,1
0040821,北海道,札幌市,清田区,有明,1
0040815,北海道,札幌市,清田区,美しが丘5条,2
0040814,北海道,札幌市,清田区,美しが丘4条,2
0040813,北海道,札幌市,清田区,美しが丘3条,1
0040812,北海道,札幌市,清田区,美しが丘2条,1
0040811,北海道,札幌市,清田区,美しが丘1条,1
0040809,北海道,札幌市,清田区,里塚,2
0040805,北海道,札幌市,清田区,里塚緑ケ丘,2
0040804,北海道,札幌市,清田区,里塚4条,2
0040803,北海道,札幌市,清田区,里塚3条,2
0040802,北海道,札幌市,清田区,里塚2条,2
0040801,北海道,札幌市,清田区,里塚1条,2
0612303,北海道,札幌市,南区,定山渓温泉西,3
0612302,北海道,札幌市,南区,定山渓温泉東,3
0612301,北海道,札幌市,南区,定山渓,3
0612286,北海道,札幌市,南区,藤野6条,3
0612285,北海道,札幌市,南区,藤野5条,3
0612284,北海道,札幌市,南区,藤野4条,3
0612283,北海道,札幌市,南区,藤野3条,3
0612282,北海道,札幌市,南区,藤野2条,3
0612281,北海道,札幌市,南区,藤野1条,3
0612276,北海道,札幌市,南区,白川,3
0612275,北海道,札幌市,南区,砥山,3
0612274,北海道,札幌市,南区,小金湯,3
0612273,北海道,札幌市,南区,豊滝,3
0612272,北海道,札幌市,南区,簾舞（その他）,3
0612271,北海道,札幌市,南区,藤野（その他）,3
0612266,北海道,札幌市,南区,簾舞6条,3
0612265,北海道,札幌市,南区,簾舞5条,3
0612264,北海道,札幌市,南区,簾舞4条,3
0612263,北海道,札幌市,南区,簾舞3条,3
0612262,北海道,札幌市,南区,簾舞2条,3
0612261,北海道,札幌市,南区,簾舞1条,3
0050865,北海道,札幌市,南区,常盤（１〜１３１番地）,2
0050864,北海道,札幌市,南区,芸術の森,2
0050863,北海道,札幌市,南区,常盤（その他）,2
0050862,北海道,札幌市,南区,滝野,2
0050861,北海道,札幌市,南区,真駒内（その他）,2
0050856,北海道,札幌市,南区,常盤6条,2
0050855,北海道,札幌市,南区,常盤5条,2
0050854,北海道,札幌市,南区,常盤4条,2
0050853,北海道,札幌市,南区,常盤3条,2
0050852,北海道,札幌市,南区,常盤2条,2
0050851,北海道,札幌市,南区,常盤1条,2
0050850,北海道,札幌市,南区,石山東,2
0050849,北海道,札幌市,南区,石山,2
0050844,北海道,札幌市,南区,石山4条,2
0050843,北海道,札幌市,南区,石山3条,2
0050842,北海道,札幌市,南区,石山2条,2
0050841,北海道,札幌市,南区,石山1条,2
0050840,北海道,札幌市,南区,藤野（４００、４００−２番地）,3
0050832,北海道,札幌市,南区,北ノ沢,5
0050831,北海道,札幌市,南区,中ノ沢,5
0050830,北海道,札幌市,南区,砥石山,5
0050827,北海道,札幌市,南区,南沢,6
0050826,北海道,札幌市,南区,南沢6条,6
0050825,北海道,札幌市,南区,南沢5条,6
0050824,北海道,札幌市,南区,南沢4条,6
0050823,北海道,札幌市,南区,南沢3条,6
0050822,北海道,札幌市,南区,南沢2条,6
0050821,北海道,札幌市,南区,南沢1条,6
0050818,北海道,札幌市,南区,川沿18条,7
0050817,北海道,札幌市,南区,川沿17条,7
0050816,北海道,札幌市,南区,川沿16条,7
0050815,北海道,札幌市,南区,川沿15条,7
0050814,北海道,札幌市,南区,川沿14条,7
0050813,北海道,札幌市,南区,川沿13条,7
0050812,北海道,札幌市,南区,川沿12条,7
0050811,北海道,札幌市,南区,川沿11条,7
0050810,北海道,札幌市,南区,川沿1条,7
0050809,北海道,札幌市,南区,川沿9条,7
0050808,北海道,札幌市,南区,川沿8条,7
0050807,北海道,札幌市,南区,川沿7条,7
0050806,北海道,札幌市,南区,川沿6条,5
0050805,北海道,札幌市,南区,川沿5条,5
0050804,北海道,札幌市,南区,川沿4条,5
0050803,北海道,札幌市,南区,川沿3条,5
0050802,北海道,札幌市,南区,川沿2条,5
0050801,北海道,札幌市,南区,川沿1条,5
0050041,北海道,札幌市,南区,藻岩山,5
0050040,北海道,札幌市,南区,藻岩下,5
0050039,北海道,札幌市,南区,南39条西,5
0050038,北海道,札幌市,南区,南38条西,5
0050037,北海道,札幌市,南区,南37条西,5
0050036,北海道,札幌市,南区,南36条西,5
0050035,北海道,札幌市,南区,南35条西,5
0050034,北海道,札幌市,南区,南34条西,5
0050033,北海道,札幌市,南区,南33条西,5
0050032,北海道,札幌市,南区,南32条西,5
0050031,北海道,札幌市,南区,南31条西,5
0050030,北海道,札幌市,南区,南30条西（８丁目）,5
0050022,北海道,札幌市,南区,真駒内柏丘,1
0050021,北海道,札幌市,南区,真駒内本町,4
0050018,北海道,札幌市,南区,真駒内曙町,4
0050017,北海道,札幌市,南区,真駒内公園,1
0050016,北海道,札幌市,南区,真駒内南町,1
0050015,北海道,札幌市,南区,真駒内泉町,1
0050014,北海道,札幌市,南区,真駒内幸町,1
0050013,北海道,札幌市,南区,真駒内緑町,4
0050012,北海道,札幌市,南区,真駒内上町,4
0050011,北海道,札幌市,南区,真駒内東町,1
0050008,北海道,札幌市,南区,真駒内（１７番地）,1
0050007,北海道,札幌市,南区,澄川,1
0050006,北海道,札幌市,南区,澄川6条,1
0050005,北海道,札幌市,南区,澄川5条,1
0050004,北海道,札幌市,南区,澄川4条,1
0050003,北海道,札幌市,南区,澄川3条,1
0050002,北海道,札幌市,南区,澄川2条,1
0050001,北海道,札幌市,南区,澄川1条,1
0630870,北海道,札幌市,西区,八軒1条東,4
0630869,北海道,札幌市,西区,八軒9条東,4
0630868,北海道,札幌市,西区,八軒八条東,4
0630867,北海道,札幌市,西区,八軒7条東,4
0630866,北海道,札幌市,西区,八軒6条東,4
0630865,北海道,札幌市,西区,八軒5条東,4
0630864,北海道,札幌市,西区,八軒4条東,4
0630863,北海道,札幌市,西区,八軒3条東,4
0630862,北海道,札幌市,西区,八軒2条東,4
0630861,北海道,札幌市,西区,八軒1条東,4
0630850,北海道,札幌市,西区,八軒1条西,4
0630849,北海道,札幌市,西区,八軒9条西,4
0630848,北海道,札幌市,西区,八軒八条西,4
0630847,北海道,札幌市,西区,八軒7条西,4
0630846,北海道,札幌市,西区,八軒6条西,4
0630845,北海道,札幌市,西区,八軒5条西,4
0630844,北海道,札幌市,西区,八軒4条西,4
0630843,北海道,札幌市,西区,八軒3条西,4
0630842,北海道,札幌市,西区,八軒2条西,4
0630841,北海道,札幌市,西区,八軒1条西,4
0630837,北海道,札幌市,西区,発寒17条,1
0630836,北海道,札幌市,西区,発寒16条,1
0630835,北海道,札幌市,西区,発寒15条,1
0630834,北海道,札幌市,西区,発寒14条,1
0630833,北海道,札幌市,西区,発寒13条,1
0630832,北海道,札幌市,西区,発寒12条,1
0630831,北海道,札幌市,西区,発寒11条,1
0630830,北海道,札幌市,西区,発寒1条,1
0630829,北海道,札幌市,西区,発寒9条,1
0630828,北海道,札幌市,西区,発寒8条,1
0630827,北海道,札幌市,西区,発寒7条,1
0630826,北海道,札幌市,西区,発寒6条,1
0630825,北海道,札幌市,西区,発寒5条,1
0630824,北海道,札幌市,西区,発寒4条,1
0630823,北海道,札幌市,西区,発寒3条,1
0630822,北海道,札幌市,西区,発寒2条,1
0630821,北海道,札幌市,西区,発寒1条,1
0630814,北海道,札幌市,西区,琴似4条,1
0630813,北海道,札幌市,西区,琴似3条,1
0630812,北海道,札幌市,西区,琴似2条,1
0630811,北海道,札幌市,西区,琴似1条,1
0630804,北海道,札幌市,西区,二十四軒4条,1
0630803,北海道,札幌市,西区,二十四軒3条,1
0630802,北海道,札幌市,西区,二十四軒2条,1
0630801,北海道,札幌市,西区,二十四軒1条,1
0630062,北海道,札幌市,西区,西町南,3
0630061,北海道,札幌市,西区,西町北,3
0630059,北海道,札幌市,西区,宮の沢,3
0630054,北海道,札幌市,西区,宮の沢4条,3
0630053,北海道,札幌市,西区,宮の沢3条,3
0630052,北海道,札幌市,西区,宮の沢2条,3
0630051,北海道,札幌市,西区,宮の沢1条,3
0630049,北海道,札幌市,西区,西野,2
0630044,北海道,札幌市,西区,西野14条,2
0630043,北海道,札幌市,西区,西野13条,2
0630042,北海道,札幌市,西区,西野12条,2
0630041,北海道,札幌市,西区,西野11条,2
0630040,北海道,札幌市,西区,西野1条,2
0630039,北海道,札幌市,西区,西野9条,2
0630038,北海道,札幌市,西区,西野8条,2
0630037,北海道,札幌市,西区,西野7条,2
0630036,北海道,札幌市,西区,西野6条,2
0630035,北海道,札幌市,西区,西野5条,2
0630034,北海道,札幌市,西区,西野4条,2
0630033,北海道,札幌市,西区,西野3条,2
0630032,北海道,札幌市,西区,西野2条,2
0630031,北海道,札幌市,西区,西野1条,2
0630029,北海道,札幌市,西区,平和,2
0630023,北海道,札幌市,西区,平和3条,2
0630022,北海道,札幌市,西区,平和2条,2
0630021,北海道,札幌市,西区,平和1条,2
0630012,北海道,札幌市,西区,福井,2
0630011,北海道,札幌市,西区,小別沢,2
0630009,北海道,札幌市,西区,山の手,2
0630007,北海道,札幌市,西区,山の手7条,2
0630006,北海道,札幌市,西区,山の手6条,2
0630005,北海道,札幌市,西区,山の手5条,2
0630004,北海道,札幌市,西区,山の手4条,2
0630003,北海道,札幌市,西区,山の手3条,2
0630002,北海道,札幌市,西区,山の手2条,2
0630001,北海道,札幌市,西区,山の手1条,2
0060861,北海道,札幌市,手稲区,明日風,3
0060860,北海道,札幌市,手稲区,手稲山口,3
0060859,北海道,札幌市,手稲区,星置,3
0060853,北海道,札幌市,手稲区,星置3条,3
0060852,北海道,札幌市,手稲区,星置2条,3
0060851,北海道,札幌市,手稲区,星置1条,3
0060842,北海道,札幌市,手稲区,曙12条,3
0060841,北海道,札幌市,手稲区,曙11条,2
0060840,北海道,札幌市,手稲区,曙1条,2
0060839,北海道,札幌市,手稲区,曙9条,2
0060838,北海道,札幌市,手稲区,曙8条,2
0060837,北海道,札幌市,手稲区,曙7条,3
0060836,北海道,札幌市,手稲区,曙6条,2
0060835,北海道,札幌市,手稲区,曙5条,2
0060834,北海道,札幌市,手稲区,曙4条,2
0060833,北海道,札幌市,手稲区,曙3条,2
0060832,北海道,札幌市,手稲区,曙2条,2
0060831,北海道,札幌市,手稲区,曙1条,2
0060829,北海道,札幌市,手稲区,前田,2
0060823,北海道,札幌市,手稲区,前田13条,2
0060822,北海道,札幌市,手稲区,前田12条,2
0060821,北海道,札幌市,手稲区,前田11条,2
0060820,北海道,札幌市,手稲区,前田1条,2
0060819,北海道,札幌市,手稲区,前田9条,2
0060818,北海道,札幌市,手稲区,前田8条,2
0060817,北海道,札幌市,手稲区,前田7条,2
0060816,北海道,札幌市,手稲区,前田6条,2
0060815,北海道,札幌市,手稲区,前田5条,2
0060814,北海道,札幌市,手稲区,前田4条,2
0060813,北海道,札幌市,手稲区,前田3条,2
0060812,北海道,札幌市,手稲区,前田2条,2
0060811,北海道,札幌市,手稲区,前田1条,2
0060807,北海道,札幌市,手稲区,新発寒7条,2
0060806,北海道,札幌市,手稲区,新発寒6条,2
0060805,北海道,札幌市,手稲区,新発寒5条,2
0060804,北海道,札幌市,手稲区,新発寒4条,2
0060803,北海道,札幌市,手稲区,新発寒3条,2
0060802,北海道,札幌市,手稲区,新発寒2条,2
0060801,北海道,札幌市,手稲区,新発寒1条,2
0060050,北海道,札幌市,手稲区,星置南,3
0060049,北海道,札幌市,手稲区,手稲金山,3
0060043,北海道,札幌市,手稲区,金山3条,3
0060042,北海道,札幌市,手稲区,金山2条,3
0060041,北海道,札幌市,手稲区,金山1条,3
0060039,北海道,札幌市,手稲区,手稲稲穂,3
0060035,北海道,札幌市,手稲区,稲穂5条,3
0060034,北海道,札幌市,手稲区,稲穂4条,3
0060033,北海道,札幌市,手稲区,稲穂3条,3
0060032,北海道,札幌市,手稲区,稲穂2条,3
0060031,北海道,札幌市,手稲区,稲穂1条,3
0060029,北海道,札幌市,手稲区,手稲本町,1
0060026,北海道,札幌市,手稲区,手稲本町6条,1
0060025,北海道,札幌市,手稲区,手稲本町5条,1
0060024,北海道,札幌市,手稲区,手稲本町4条,1
0060023,北海道,札幌市,手稲区,手稲本町3条,1
0060022,北海道,札幌市,手稲区,手稲本町2条,1
0060021,北海道,札幌市,手稲区,手稲本町1条,1
0060019,北海道,札幌市,手稲区,富丘,1
0060016,北海道,札幌市,手稲区,富丘6条,1
0060015,北海道,札幌市,手稲区,富丘5条,1
0060014,北海道,札幌市,手稲区,富丘4条,1
0060013,北海道,札幌市,手稲区,富丘3条,1
0060012,北海道,札幌市,手稲区,富丘2条,1
0060011,北海道,札幌市,手稲区,富丘1条,1
0060009,北海道,札幌市,手稲区,西宮の沢,1
0060006,北海道,札幌市,手稲区,西宮の沢6条,1
0060005,北海道,札幌市,手稲区,西宮の沢5条,1
0060004,北海道,札幌市,手稲区,西宮の沢4条,1
0060003,北海道,札幌市,手稲区,西宮の沢3条,1
0060002,北海道,札幌市,手稲区,西宮の沢2条,1
0060001,北海道,札幌市,手稲区,西宮の沢1条,1
